-- phpMyAdmin SQL Dump
-- version 5.0.2
-- https://www.phpmyadmin.net/
--
-- Host: 127.0.0.1
-- Waktu pembuatan: 07 Jan 2022 pada 12.34
-- Versi server: 10.4.11-MariaDB
-- Versi PHP: 7.4.6

SET SQL_MODE = "NO_AUTO_VALUE_ON_ZERO";
START TRANSACTION;
SET time_zone = "+00:00";


/*!40101 SET @OLD_CHARACTER_SET_CLIENT=@@CHARACTER_SET_CLIENT */;
/*!40101 SET @OLD_CHARACTER_SET_RESULTS=@@CHARACTER_SET_RESULTS */;
/*!40101 SET @OLD_COLLATION_CONNECTION=@@COLLATION_CONNECTION */;
/*!40101 SET NAMES utf8mb4 */;

--
-- Database: `db_apdal`
--

-- --------------------------------------------------------

--
-- Struktur dari tabel `a_group`
--

CREATE TABLE `a_group` (
  `a_group_id` int(1) UNSIGNED NOT NULL,
  `a_group_level` int(1) UNSIGNED NOT NULL,
  `a_group_menu` int(1) UNSIGNED NOT NULL,
  `a_group_status` tinyint(1) UNSIGNED NOT NULL
) ENGINE=InnoDB DEFAULT CHARSET=latin1;

--
-- Dumping data untuk tabel `a_group`
--

INSERT INTO `a_group` (`a_group_id`, `a_group_level`, `a_group_menu`, `a_group_status`) VALUES
(1, 1, 1, 1),
(2, 1, 2, 1),
(3, 1, 3, 1),
(4, 1, 4, 1),
(5, 1, 5, 1),
(6, 1, 6, 1),
(7, 1, 7, 1),
(8, 1, 8, 1),
(10, 1, 10, 1),
(15, 1, 38, 1),
(96, 1, 51, 1),
(175, 1, 52, 1),
(176, 1, 53, 1),
(177, 1, 54, 1),
(178, 1, 55, 1),
(181, 1, 58, 1),
(230, 1, 59, 1),
(234, 1, 60, 1),
(274, 1, 61, 1),
(280, 1, 62, 1),
(286, 1, 63, 1);

-- --------------------------------------------------------

--
-- Struktur dari tabel `a_level`
--

CREATE TABLE `a_level` (
  `a_level_id` int(1) UNSIGNED NOT NULL,
  `a_level_name` varchar(100) NOT NULL
) ENGINE=InnoDB DEFAULT CHARSET=latin1;

--
-- Dumping data untuk tabel `a_level`
--

INSERT INTO `a_level` (`a_level_id`, `a_level_name`) VALUES
(1, 'Administrator'),
(18, 'Karyawan'),
(19, 'Produksi Apdal'),
(14, 'User');

-- --------------------------------------------------------

--
-- Struktur dari tabel `a_menu`
--

CREATE TABLE `a_menu` (
  `a_menu_id` int(1) UNSIGNED NOT NULL,
  `a_menu_name` varchar(255) NOT NULL,
  `a_menu_parentId` int(1) UNSIGNED NOT NULL,
  `a_menu_uri` varchar(255) NOT NULL,
  `a_menu_iconCls` varchar(255) NOT NULL,
  `a_menu_type` enum('dialog','messager','tabs','window') NOT NULL
) ENGINE=InnoDB DEFAULT CHARSET=latin1 COMMENT='Admin Menu';

--
-- Dumping data untuk tabel `a_menu`
--

INSERT INTO `a_menu` (`a_menu_id`, `a_menu_name`, `a_menu_parentId`, `a_menu_uri`, `a_menu_iconCls`, `a_menu_type`) VALUES
(1, 'Master', 0, '', 'icon-master', ''),
(2, 'Transaksi', 0, '', 'icon-transaksi', ''),
(3, 'Report', 0, '', 'icon-print', ''),
(4, 'Admin', 0, '', 'icon-admin', ''),
(5, 'Setting', 0, '', 'icon-setup', ''),
(6, 'Admin User', 4, 'admin/user', 'icon-man', 'tabs'),
(7, 'Admin Menu', 4, 'admin/menu', 'icon-menu', 'tabs'),
(8, 'General', 5, 'setting/general', 'icon-general', 'dialog'),
(10, 'Master Item', 1, 'master/item', 'icon-master', 'tabs'),
(38, 'Admin Group', 4, 'admin/group', 'icon-user', 'tabs'),
(51, 'Inquiry', 0, '', 'icon-inquiry', ''),
(52, 'Barang Masuk', 2, 'transaksi/in', 'icon-transaksi', 'tabs'),
(53, 'Barang Keluar', 2, 'transaksi/out', 'icon-transaksi', 'tabs'),
(54, 'Inquiry Stock', 51, 'inquiry/stock', 'icon-inquiry', 'tabs'),
(55, 'Master Project', 1, 'master/project', 'icon-master', 'tabs'),
(58, 'Inquiry Transaksi', 51, 'inquiry/trans', 'icon-inquiry', 'tabs'),
(59, 'Master Satuan', 1, 'master/uom', 'icon-master', 'tabs'),
(60, 'Master Supplier', 1, 'master/supplier', 'icon-master', 'tabs'),
(61, 'Master Customer', 1, 'master/customer', 'icon-master', 'tabs'),
(62, 'Invoice', 2, 'transaksi/invoice', 'icon-transaksi', 'tabs'),
(63, 'Penawaran', 2, 'transaksi/penawaran', 'icon-transaksi', 'tabs');

-- --------------------------------------------------------

--
-- Struktur dari tabel `a_mn`
--

CREATE TABLE `a_mn` (
  `a_mn_id` int(1) UNSIGNED NOT NULL,
  `a_mn_name` varchar(50) NOT NULL,
  `a_mn_link` varchar(50) NOT NULL,
  `a_mn_icon` varchar(30) NOT NULL,
  `a_mn_parentId` int(1) UNSIGNED NOT NULL
) ENGINE=InnoDB DEFAULT CHARSET=utf8mb4;

--
-- Dumping data untuk tabel `a_mn`
--

INSERT INTO `a_mn` (`a_mn_id`, `a_mn_name`, `a_mn_link`, `a_mn_icon`, `a_mn_parentId`) VALUES
(1, 'Dashboard', 'Home', 'fas fa-tachometer-alt', 0),
(2, 'Masters', '', 'fas fa-coins', 0),
(3, 'Transactions', '', 'fas fa-laptop', 0),
(4, 'Inquiry', '', 'fas fa-chart-bar', 0),
(5, 'Report', '', 'fas fa-chart-pie', 0),
(6, 'Admin', '', 'fas fa-user-tag', 0),
(7, 'Settings', '#', 'fas fa-cogs', 0),
(8, 'Data User', 'Admin/User', 'far fa-circle', 6),
(9, 'Data Menu', 'Admin/Menu', 'far fa-circle', 6),
(10, 'Data Group', 'Admin/Group', 'far fa-circle', 6),
(11, 'Karyawan', 'Master/karyawan', 'far fa-circle', 2),
(12, 'Bagian', 'Master/bagian', 'far fa-circle', 2),
(16, 'Jabatan', 'master/jab', 'far fa-circle', 2),
(17, 'Shift Kerja', 'master/shift', 'far fa-circle', 2),
(18, 'Type', 'master/Type', 'far fa-circle', 2),
(19, 'Absen', 'transaksi/absen', 'far fa-circle', 3),
(20, 'Material Outgoing', 'transaksi/MaterialOutgoing', 'far fa-circle', 3),
(21, 'Sharing Incoming', 'transaksi/SharingIncoming', 'far fa-circle', 3),
(22, 'Sharing Outgoing', 'transaksi/SharingOutgoing', 'far fa-circle', 3),
(23, 'Balance Material', 'inquiry/BalanceMaterial', 'far fa-circle', 4),
(24, 'Daily Work Report', 'transaksi/Lkh', 'far fa-circle', 3),
(27, 'Produksi', 'produksi/apdal', 'fas fa-box-open', 0),
(28, 'Barcode', 'Produksi/Barcode', '-', 27),
(29, 'Generate', 'Produksi/Generate', '-', 27),
(30, 'Myamin Barcode', 'Produksi/myamin', '-', 27),
(31, 'Print Barcode Myamin', 'Produksi/Myamin/print_barcode', '-', 27);

-- --------------------------------------------------------

--
-- Struktur dari tabel `a_mn_grp`
--

CREATE TABLE `a_mn_grp` (
  `a_mn_grp_id` int(1) UNSIGNED NOT NULL,
  `a_mn_grp_lvl` int(1) UNSIGNED NOT NULL,
  `a_mn_grp_menu` int(1) UNSIGNED NOT NULL,
  `a_mn_grp_sts` tinyint(1) UNSIGNED NOT NULL
) ENGINE=InnoDB DEFAULT CHARSET=utf8mb4;

--
-- Dumping data untuk tabel `a_mn_grp`
--

INSERT INTO `a_mn_grp` (`a_mn_grp_id`, `a_mn_grp_lvl`, `a_mn_grp_menu`, `a_mn_grp_sts`) VALUES
(1, 1, 1, 1),
(2, 1, 2, 1),
(3, 1, 3, 1),
(4, 1, 4, 1),
(5, 1, 5, 1),
(6, 1, 6, 1),
(7, 1, 7, 1),
(8, 1, 8, 1),
(9, 1, 9, 1),
(10, 1, 10, 1),
(11, 1, 11, 1),
(12, 1, 12, 1),
(43, 1, 16, 1),
(46, 1, 17, 1),
(49, 1, 18, 1),
(52, 1, 19, 1),
(55, 1, 20, 1),
(58, 1, 21, 1),
(61, 1, 22, 1),
(64, 1, 23, 1),
(67, 1, 24, 1),
(76, 14, 1, 1),
(77, 14, 2, 1),
(78, 14, 3, 0),
(79, 14, 4, 0),
(80, 14, 5, 0),
(81, 14, 6, 0),
(82, 14, 7, 0),
(83, 14, 8, 0),
(84, 14, 9, 0),
(85, 14, 10, 0),
(86, 14, 11, 1),
(87, 14, 12, 1),
(88, 14, 16, 1),
(89, 14, 17, 1),
(90, 14, 18, 1),
(91, 14, 19, 1),
(92, 14, 20, 1),
(93, 14, 21, 1),
(94, 14, 22, 1),
(95, 14, 23, 1),
(96, 14, 24, 1),
(160, 18, 1, 0),
(161, 18, 2, 0),
(162, 18, 3, 0),
(163, 18, 4, 0),
(164, 18, 5, 0),
(165, 18, 6, 0),
(166, 18, 7, 0),
(167, 18, 8, 0),
(168, 18, 9, 0),
(169, 18, 10, 0),
(170, 18, 11, 0),
(171, 18, 12, 0),
(172, 18, 16, 0),
(173, 18, 17, 0),
(174, 18, 18, 0),
(175, 18, 19, 0),
(176, 18, 20, 0),
(177, 18, 21, 0),
(178, 18, 22, 0),
(179, 18, 23, 0),
(180, 18, 24, 0),
(181, 19, 1, 1),
(182, 19, 2, 0),
(183, 19, 3, 0),
(184, 19, 4, 0),
(185, 19, 5, 0),
(186, 19, 6, 0),
(187, 19, 7, 0),
(188, 19, 8, 0),
(189, 19, 9, 0),
(190, 19, 10, 0),
(191, 19, 11, 0),
(192, 19, 12, 0),
(193, 19, 16, 0),
(194, 19, 17, 0),
(195, 19, 18, 0),
(196, 19, 19, 0),
(197, 19, 20, 0),
(198, 19, 21, 0),
(199, 19, 22, 0),
(200, 19, 23, 0),
(201, 19, 24, 0),
(202, 1, 27, 1),
(203, 14, 27, 0),
(204, 18, 27, 0),
(205, 19, 27, 1),
(206, 1, 28, 1),
(207, 14, 28, 0),
(208, 18, 28, 0),
(209, 19, 28, 1),
(210, 1, 29, 1),
(211, 14, 29, 0),
(212, 18, 29, 0),
(213, 19, 29, 1),
(214, 1, 30, 1),
(215, 14, 30, 0),
(216, 18, 30, 0),
(217, 19, 30, 1),
(218, 1, 31, 1),
(219, 14, 31, 0),
(220, 18, 31, 0),
(221, 19, 31, 1);

-- --------------------------------------------------------

--
-- Struktur dari tabel `a_user`
--

CREATE TABLE `a_user` (
  `a_user_id` int(1) UNSIGNED NOT NULL,
  `a_user_name` varchar(100) CHARACTER SET latin1 COLLATE latin1_general_cs NOT NULL,
  `a_user_username` varchar(100) NOT NULL,
  `a_user_password` varchar(100) NOT NULL,
  `a_user_level` int(1) UNSIGNED NOT NULL,
  `a_user_img` varchar(100) NOT NULL,
  `a_user_email` varchar(100) NOT NULL
) ENGINE=InnoDB DEFAULT CHARSET=latin1 COMMENT='Master User';

--
-- Dumping data untuk tabel `a_user`
--

INSERT INTO `a_user` (`a_user_id`, `a_user_name`, `a_user_username`, `a_user_password`, `a_user_level`, `a_user_img`, `a_user_email`) VALUES
(1, 'Super User', 'super', '$2y$10$VgVsdCt6kPT6KQ5v.RI5u.flM395P.o6wiyzLbwIzLKfIGQkb8mKe', 1, 'image.png', ''),
(40, 'karyono', 'karyono', '$2y$10$8i3GmiTcfO3moUsUd8pDBOlro.5vizACF719/zS4vKQfsazfmdU86', 18, '', ''),
(41, 'Sunarti', 'sunarti', '$2y$10$Wm8m.NMb7oLnY1.19byEqewpf2SpcybMLsApn1ywFDu2mJZRGRT.i', 19, '', '');

-- --------------------------------------------------------

--
-- Struktur dari tabel `m_barcode`
--

CREATE TABLE `m_barcode` (
  `m_bc_id` int(1) NOT NULL,
  `m_bc_nama` varchar(258) NOT NULL,
  `m_bc_kode` varchar(128) NOT NULL,
  `m_bc_jml` int(1) NOT NULL,
  `m_bc_img` varchar(128) NOT NULL,
  `date_created` timestamp NOT NULL DEFAULT current_timestamp() ON UPDATE current_timestamp()
) ENGINE=InnoDB DEFAULT CHARSET=utf8mb4;

--
-- Dumping data untuk tabel `m_barcode`
--

INSERT INTO `m_barcode` (`m_bc_id`, `m_bc_nama`, `m_bc_kode`, `m_bc_jml`, `m_bc_img`, `date_created`) VALUES
(8, 'APDAL TSURAYA 500WH', 'ASG500', 0, '', '2021-10-18 07:27:21');

-- --------------------------------------------------------

--
-- Struktur dari tabel `m_barcode_myamin`
--

CREATE TABLE `m_barcode_myamin` (
  `myamin_id` int(1) NOT NULL,
  `myamin_nama` varchar(100) NOT NULL,
  `myamin_url` varchar(200) NOT NULL,
  `date_created` timestamp NOT NULL DEFAULT current_timestamp() ON UPDATE current_timestamp()
) ENGINE=InnoDB DEFAULT CHARSET=utf8mb4;

--
-- Dumping data untuk tabel `m_barcode_myamin`
--

INSERT INTO `m_barcode_myamin` (`myamin_id`, `myamin_nama`, `myamin_url`, `date_created`) VALUES
(1, 'www.myamin.co.id', 'http://www.myamin.co.id', '2022-01-07 09:53:36');

-- --------------------------------------------------------

--
-- Struktur dari tabel `m_departemen`
--

CREATE TABLE `m_departemen` (
  `m_dep_id` int(11) NOT NULL,
  `m_dep_nama` varchar(50) NOT NULL
) ENGINE=InnoDB DEFAULT CHARSET=utf8mb4;

--
-- Dumping data untuk tabel `m_departemen`
--

INSERT INTO `m_departemen` (`m_dep_id`, `m_dep_nama`) VALUES
(6, 'HRD'),
(7, 'Purchasing'),
(8, 'Logistik'),
(9, 'Marketing'),
(10, 'Finance'),
(11, 'Project'),
(12, 'Produksi');

-- --------------------------------------------------------

--
-- Struktur dari tabel `m_jabatan`
--

CREATE TABLE `m_jabatan` (
  `m_jab_id` int(11) NOT NULL,
  `m_jab_nama` varchar(50) NOT NULL
) ENGINE=InnoDB DEFAULT CHARSET=utf8mb4;

--
-- Dumping data untuk tabel `m_jabatan`
--

INSERT INTO `m_jabatan` (`m_jab_id`, `m_jab_nama`) VALUES
(13, 'Dep. Head'),
(14, 'Section Head'),
(15, 'Officer'),
(16, 'Leader'),
(17, 'Staff'),
(18, 'Operator');

-- --------------------------------------------------------

--
-- Struktur dari tabel `m_karyawan`
--

CREATE TABLE `m_karyawan` (
  `m_karyawan_id` int(1) NOT NULL,
  `m_karyawan_prh` varchar(100) NOT NULL,
  `m_karyawan_NIP` varchar(10) NOT NULL,
  `m_karyawan_NIK` varchar(15) NOT NULL,
  `m_karyawan_nama` varchar(100) NOT NULL,
  `m_karyawan_jk` enum('Laki-laki','Perempuan') NOT NULL,
  `m_karyawan_tp_lahir` varchar(50) NOT NULL,
  `m_karyawan_tgl_lahir` date NOT NULL,
  `m_karyawan_phone` int(13) NOT NULL,
  `m_karyawan_agama` varchar(50) NOT NULL,
  `m_karyawan_nikah` enum('Belum Nikah','Nikah') NOT NULL,
  `m_karyawan_almat` varchar(128) NOT NULL,
  `m_karyawan_nm_kel_dkt` varchar(50) NOT NULL,
  `m_karyawan_nm_kel_hp` int(13) NOT NULL,
  `m_karyawan_foto` varchar(100) NOT NULL,
  `m_karyawan_dep_id` int(1) UNSIGNED NOT NULL,
  `m_karyawan_jab_id` int(1) UNSIGNED NOT NULL,
  `m_karyawan_nm_bank` varchar(50) NOT NULL,
  `m_karyawan_no_rek` varchar(25) NOT NULL,
  `m_karyawan_join_date` date NOT NULL,
  `m_karyawan_status` varchar(50) NOT NULL,
  `m_karyawan_ket` enum('Aktif','Resign') NOT NULL,
  `m_karyawan_Qrcode` varchar(50) NOT NULL,
  `date_created` timestamp NOT NULL DEFAULT current_timestamp() ON UPDATE current_timestamp()
) ENGINE=InnoDB DEFAULT CHARSET=utf8mb4;

--
-- Dumping data untuk tabel `m_karyawan`
--

INSERT INTO `m_karyawan` (`m_karyawan_id`, `m_karyawan_prh`, `m_karyawan_NIP`, `m_karyawan_NIK`, `m_karyawan_nama`, `m_karyawan_jk`, `m_karyawan_tp_lahir`, `m_karyawan_tgl_lahir`, `m_karyawan_phone`, `m_karyawan_agama`, `m_karyawan_nikah`, `m_karyawan_almat`, `m_karyawan_nm_kel_dkt`, `m_karyawan_nm_kel_hp`, `m_karyawan_foto`, `m_karyawan_dep_id`, `m_karyawan_jab_id`, `m_karyawan_nm_bank`, `m_karyawan_no_rek`, `m_karyawan_join_date`, `m_karyawan_status`, `m_karyawan_ket`, `m_karyawan_Qrcode`, `date_created`) VALUES
(9, 'PT Fokus Indo Lighting', '1212-7237', '12121212', 'kuku bima energi', 'Laki-laki', 'sukamandi', '2021-07-31', 2147483647, 'Islam', 'Nikah', 'asas', 'kukubima', 9276723, '', 11, 17, 'kumanja', '0983782', '2021-07-31', 'Karyawan Tetap', 'Aktif', '1212-7237.png', '2021-07-31 14:26:21');

-- --------------------------------------------------------

--
-- Struktur dari tabel `m_shift`
--

CREATE TABLE `m_shift` (
  `shift_id` int(1) NOT NULL,
  `shift_nama` varchar(50) NOT NULL,
  `absen_mulai` time NOT NULL,
  `absen_mulai_to` time NOT NULL,
  `jam_masuk` time NOT NULL,
  `jam_pulang` time NOT NULL,
  `time_zone` varchar(50) NOT NULL,
  `date_created` timestamp NOT NULL DEFAULT current_timestamp() ON UPDATE current_timestamp()
) ENGINE=InnoDB DEFAULT CHARSET=utf8mb4;

--
-- Dumping data untuk tabel `m_shift`
--

INSERT INTO `m_shift` (`shift_id`, `shift_nama`, `absen_mulai`, `absen_mulai_to`, `jam_masuk`, `jam_pulang`, `time_zone`, `date_created`) VALUES
(1, 'shift 1', '06:00:00', '12:00:00', '08:00:00', '17:00:00', 'Asia/Jakarta', '2021-10-14 10:02:55');

-- --------------------------------------------------------

--
-- Struktur dari tabel `s_ci_sessions`
--

CREATE TABLE `s_ci_sessions` (
  `id` varchar(128) NOT NULL,
  `ip_address` varchar(45) NOT NULL,
  `timestamp` int(10) UNSIGNED NOT NULL DEFAULT 0,
  `data` blob NOT NULL
) ENGINE=InnoDB DEFAULT CHARSET=latin1;

--
-- Dumping data untuk tabel `s_ci_sessions`
--

INSERT INTO `s_ci_sessions` (`id`, `ip_address`, `timestamp`, `data`) VALUES
('02r7fd7v8nfa248f3d09s591c40p9u7o', '::1', 1634568444, 0x5f5f63695f6c6173745f726567656e65726174657c693a313633343536383434343b757365726e616d657c733a353a227375706572223b69647c733a313a2231223b6e616d617c733a31303a2253757065722055736572223b6c6576656c7c733a313a2231223b69735f6c6f67696e7c623a313b5f5f63695f766172737c613a313a7b733a373a2273756363657373223b733a333a226f6c64223b7d),
('0kq201215re31td8f225hovcmclio9rn', '::1', 1634553101, 0x5f5f63695f6c6173745f726567656e65726174657c693a313633343535333130313b757365726e616d657c733a373a2273756e61727469223b69647c733a323a223431223b6e616d617c733a373a2253756e61727469223b6c6576656c7c733a323a223139223b69735f6c6f67696e7c623a313b5f5f63695f766172737c613a313a7b733a373a2273756363657373223b733a333a226f6c64223b7d),
('0rph9ajq731ojger65iir282nluro8uc', '::1', 1634547613, 0x5f5f63695f6c6173745f726567656e65726174657c693a313633343534373631333b757365726e616d657c733a373a2273756e61727469223b69647c733a323a223431223b6e616d617c733a373a2253756e61727469223b6c6576656c7c733a323a223139223b69735f6c6f67696e7c623a313b5f5f63695f766172737c613a313a7b733a373a2273756363657373223b733a333a226f6c64223b7d),
('1ffgqc1gnmt0elen4fk8ffef5pca3mp6', '::1', 1634570164, 0x5f5f63695f6c6173745f726567656e65726174657c693a313633343537303136343b757365726e616d657c733a353a227375706572223b69647c733a313a2231223b6e616d617c733a31303a2253757065722055736572223b6c6576656c7c733a313a2231223b69735f6c6f67696e7c623a313b5f5f63695f766172737c613a313a7b733a373a2273756363657373223b733a333a226f6c64223b7d),
('1jcd3u9vi2uf7iabq6ji19rj46ng4i1c', '::1', 1634566417, 0x5f5f63695f6c6173745f726567656e65726174657c693a313633343536363431373b757365726e616d657c733a353a227375706572223b69647c733a313a2231223b6e616d617c733a31303a2253757065722055736572223b6c6576656c7c733a313a2231223b69735f6c6f67696e7c623a313b5f5f63695f766172737c613a313a7b733a373a2273756363657373223b733a333a226f6c64223b7d),
('1rs6o91pkhnd01403r5ov6sdspumveme', '::1', 1634551727, 0x5f5f63695f6c6173745f726567656e65726174657c693a313633343535313732373b757365726e616d657c733a373a2273756e61727469223b69647c733a323a223431223b6e616d617c733a373a2253756e61727469223b6c6576656c7c733a323a223139223b69735f6c6f67696e7c623a313b5f5f63695f766172737c613a313a7b733a373a2273756363657373223b733a333a226f6c64223b7d),
('1uidtkgfl6k9tmj4lt0u66j9rfb604pj', '::1', 1634534714, 0x5f5f63695f6c6173745f726567656e65726174657c693a313633343533343731343b757365726e616d657c733a353a227375706572223b69647c733a313a2231223b6e616d617c733a31303a2253757065722055736572223b6c6576656c7c733a313a2231223b69735f6c6f67696e7c623a313b5f5f63695f766172737c613a313a7b733a373a2273756363657373223b733a333a226f6c64223b7d),
('2ddhc0var7u7a5hrbsqn5rjvr33r3kn6', '::1', 1641551580, 0x5f5f63695f6c6173745f726567656e65726174657c693a313634313535313538303b757365726e616d657c733a353a227375706572223b69647c733a313a2231223b6e616d617c733a31303a2253757065722055736572223b6c6576656c7c733a313a2231223b69735f6c6f67696e7c623a313b),
('2jkkkl0p18okti3jiuj65bu32c4vse78', '::1', 1641551882, 0x5f5f63695f6c6173745f726567656e65726174657c693a313634313535313838323b757365726e616d657c733a353a227375706572223b69647c733a313a2231223b6e616d617c733a31303a2253757065722055736572223b6c6576656c7c733a313a2231223b69735f6c6f67696e7c623a313b),
('32dd4iq81g428shq4ipn9qt7oc0v7ll8', '::1', 1634536203, 0x5f5f63695f6c6173745f726567656e65726174657c693a313633343533353935363b757365726e616d657c733a353a227375706572223b69647c733a313a2231223b6e616d617c733a31303a2253757065722055736572223b6c6576656c7c733a313a2231223b69735f6c6f67696e7c623a313b5f5f63695f766172737c613a313a7b733a373a2273756363657373223b733a333a226f6c64223b7d),
('3m9sa4n4h0r23cfcipkptldhjttsq5nh', '::1', 1634535643, 0x5f5f63695f6c6173745f726567656e65726174657c693a313633343533353634333b757365726e616d657c733a353a227375706572223b69647c733a313a2231223b6e616d617c733a31303a2253757065722055736572223b6c6576656c7c733a313a2231223b69735f6c6f67696e7c623a313b5f5f63695f766172737c613a313a7b733a373a2273756363657373223b733a333a226f6c64223b7d),
('486sbamctt8kpli91ba2tbs1rvjmf08g', '::1', 1634538278, 0x5f5f63695f6c6173745f726567656e65726174657c693a313633343533383237383b757365726e616d657c733a353a227375706572223b69647c733a313a2231223b6e616d617c733a31303a2253757065722055736572223b6c6576656c7c733a313a2231223b69735f6c6f67696e7c623a313b5f5f63695f766172737c613a313a7b733a373a2273756363657373223b733a333a226f6c64223b7d),
('4e1uta2jbt5i5fiqqsmggc218eaa5pq2', '::1', 1634550077, 0x5f5f63695f6c6173745f726567656e65726174657c693a313633343535303037373b757365726e616d657c733a373a2273756e61727469223b69647c733a323a223431223b6e616d617c733a373a2253756e61727469223b6c6576656c7c733a323a223139223b69735f6c6f67696e7c623a313b5f5f63695f766172737c613a313a7b733a373a2273756363657373223b733a333a226f6c64223b7d),
('4jr5ovb1pmb19a140ics2g7o26tb0vji', '::1', 1634549450, 0x5f5f63695f6c6173745f726567656e65726174657c693a313633343534393435303b757365726e616d657c733a373a2273756e61727469223b69647c733a323a223431223b6e616d617c733a373a2253756e61727469223b6c6576656c7c733a323a223139223b69735f6c6f67696e7c623a313b5f5f63695f766172737c613a313a7b733a373a2273756363657373223b733a333a226f6c64223b7d),
('4n7l5j55b6hm1gf0m176vdpstmksuc2l', '::1', 1634548317, 0x5f5f63695f6c6173745f726567656e65726174657c693a313633343534383331373b757365726e616d657c733a373a2273756e61727469223b69647c733a323a223431223b6e616d617c733a373a2253756e61727469223b6c6576656c7c733a323a223139223b69735f6c6f67696e7c623a313b5f5f63695f766172737c613a313a7b733a373a2273756363657373223b733a333a226f6c64223b7d),
('4p19bn22p6vln0a5d2j31486ps823djq', '::1', 1634530918, 0x5f5f63695f6c6173745f726567656e65726174657c693a313633343533303931383b757365726e616d657c733a353a227375706572223b69647c733a313a2231223b6e616d617c733a31303a2253757065722055736572223b6c6576656c7c733a313a2231223b69735f6c6f67696e7c623a313b5f5f63695f766172737c613a313a7b733a373a2273756363657373223b733a333a226f6c64223b7d),
('4qn2gjr3vfe35fu7e538kjspepempjrj', '::1', 1634541872, 0x5f5f63695f6c6173745f726567656e65726174657c693a313633343534313837323b757365726e616d657c733a353a227375706572223b69647c733a313a2231223b6e616d617c733a31303a2253757065722055736572223b6c6576656c7c733a313a2231223b69735f6c6f67696e7c623a313b5f5f63695f766172737c613a313a7b733a373a2273756363657373223b733a333a226f6c64223b7d),
('4vq5rtlj0ji8knkj8uqpg9ku42q8mjd9', '::1', 1634606519, 0x5f5f63695f6c6173745f726567656e65726174657c693a313633343630363439373b757365726e616d657c733a373a2273756e61727469223b69647c733a323a223431223b6e616d617c733a373a2253756e61727469223b6c6576656c7c733a323a223139223b69735f6c6f67696e7c623a313b5f5f63695f766172737c613a313a7b733a373a2273756363657373223b733a333a226f6c64223b7d),
('5ort9dnd26g2ueiejfg65aqqusibagem', '::1', 1641553310, 0x5f5f63695f6c6173745f726567656e65726174657c693a313634313535333032313b757365726e616d657c733a353a227375706572223b69647c733a313a2231223b6e616d617c733a31303a2253757065722055736572223b6c6576656c7c733a313a2231223b69735f6c6f67696e7c623a313b),
('5thrbcp7068sa55hashcg12u5deub60v', '::1', 1634541500, 0x5f5f63695f6c6173745f726567656e65726174657c693a313633343534313530303b757365726e616d657c733a353a227375706572223b69647c733a313a2231223b6e616d617c733a31303a2253757065722055736572223b6c6576656c7c733a313a2231223b69735f6c6f67696e7c623a313b5f5f63695f766172737c613a313a7b733a373a2273756363657373223b733a333a226f6c64223b7d),
('6jh17lcp7mraee0nn5486ubj3qte6fnv', '::1', 1641553636, 0x5f5f63695f6c6173745f726567656e65726174657c693a313634313535333335343b757365726e616d657c733a353a227375706572223b69647c733a313a2231223b6e616d617c733a31303a2253757065722055736572223b6c6576656c7c733a313a2231223b69735f6c6f67696e7c623a313b),
('6mq5op1td1jdoj4b6pj84endrt62bpan', '::1', 1634552178, 0x5f5f63695f6c6173745f726567656e65726174657c693a313633343535323137383b757365726e616d657c733a373a2273756e61727469223b69647c733a323a223431223b6e616d617c733a373a2253756e61727469223b6c6576656c7c733a323a223139223b69735f6c6f67696e7c623a313b5f5f63695f766172737c613a313a7b733a373a2273756363657373223b733a333a226f6c64223b7d),
('73q3hafg4o4oh3rfgguspk8tck066cg4', '::1', 1634535022, 0x5f5f63695f6c6173745f726567656e65726174657c693a313633343533353032323b757365726e616d657c733a353a227375706572223b69647c733a313a2231223b6e616d617c733a31303a2253757065722055736572223b6c6576656c7c733a313a2231223b69735f6c6f67696e7c623a313b5f5f63695f766172737c613a313a7b733a373a2273756363657373223b733a333a226f6c64223b7d),
('87lp2tkf8pq5ov75e2n5l4blhi4o7ivl', '::1', 1641551264, 0x5f5f63695f6c6173745f726567656e65726174657c693a313634313535313236343b757365726e616d657c733a353a227375706572223b69647c733a313a2231223b6e616d617c733a31303a2253757065722055736572223b6c6576656c7c733a313a2231223b69735f6c6f67696e7c623a313b),
('8e375nk9m9ga56g91kr9aurmr55b3s60', '::1', 1634567319, 0x5f5f63695f6c6173745f726567656e65726174657c693a313633343536373331393b757365726e616d657c733a353a227375706572223b69647c733a313a2231223b6e616d617c733a31303a2253757065722055736572223b6c6576656c7c733a313a2231223b69735f6c6f67696e7c623a313b5f5f63695f766172737c613a313a7b733a373a2273756363657373223b733a333a226f6c64223b7d),
('8h6pp1o12dmkh73en6gauvvfcsmgqomb', '::1', 1634544358, 0x5f5f63695f6c6173745f726567656e65726174657c693a313633343534343335383b757365726e616d657c733a373a2273756e61727469223b69647c733a323a223431223b6e616d617c733a373a2253756e61727469223b6c6576656c7c733a323a223139223b69735f6c6f67696e7c623a313b5f5f63695f766172737c613a313a7b733a373a2273756363657373223b733a333a226f6c64223b7d),
('94imqaudiso4ekjtd4vuokdmj7a1e6hh', '::1', 1641552441, 0x5f5f63695f6c6173745f726567656e65726174657c693a313634313535323235333b757365726e616d657c733a353a227375706572223b69647c733a313a2231223b6e616d617c733a31303a2253757065722055736572223b6c6576656c7c733a313a2231223b69735f6c6f67696e7c623a313b),
('99cf189oqheh7vgkepldjej1n3m8kpsg', '::1', 1634532230, 0x5f5f63695f6c6173745f726567656e65726174657c693a313633343533323233303b757365726e616d657c733a353a227375706572223b69647c733a313a2231223b6e616d617c733a31303a2253757065722055736572223b6c6576656c7c733a313a2231223b69735f6c6f67696e7c623a313b5f5f63695f766172737c613a313a7b733a373a2273756363657373223b733a333a226f6c64223b7d),
('9m81urh87b3oott8ps2uarv0ntapu0ck', '::1', 1634552800, 0x5f5f63695f6c6173745f726567656e65726174657c693a313633343535323830303b757365726e616d657c733a373a2273756e61727469223b69647c733a323a223431223b6e616d617c733a373a2253756e61727469223b6c6576656c7c733a323a223139223b69735f6c6f67696e7c623a313b5f5f63695f766172737c613a313a7b733a373a2273756363657373223b733a333a226f6c64223b7d),
('9qnd2bm1jt2nber6t2rvi8jikaqq0209', '::1', 1634531281, 0x5f5f63695f6c6173745f726567656e65726174657c693a313633343533313238313b757365726e616d657c733a353a227375706572223b69647c733a313a2231223b6e616d617c733a31303a2253757065722055736572223b6c6576656c7c733a313a2231223b69735f6c6f67696e7c623a313b5f5f63695f766172737c613a313a7b733a373a2273756363657373223b733a333a226f6c64223b7d),
('9redd0u3838spbp8r0c9ndonvslidcv5', '::1', 1634532537, 0x5f5f63695f6c6173745f726567656e65726174657c693a313633343533323533373b757365726e616d657c733a353a227375706572223b69647c733a313a2231223b6e616d617c733a31303a2253757065722055736572223b6c6576656c7c733a313a2231223b69735f6c6f67696e7c623a313b5f5f63695f766172737c613a313a7b733a373a2273756363657373223b733a333a226f6c64223b7d),
('a7mc4emdmdnqvnffc4ngnmk5812f0cuj', '::1', 1634548715, 0x5f5f63695f6c6173745f726567656e65726174657c693a313633343534383731353b757365726e616d657c733a373a2273756e61727469223b69647c733a323a223431223b6e616d617c733a373a2253756e61727469223b6c6576656c7c733a323a223139223b69735f6c6f67696e7c623a313b5f5f63695f766172737c613a313a7b733a373a2273756363657373223b733a333a226f6c64223b7d),
('ab203sgta1t7l6q7l299qka4f3mhum5v', '::1', 1634542301, 0x5f5f63695f6c6173745f726567656e65726174657c693a313633343534323330313b757365726e616d657c733a353a227375706572223b69647c733a313a2231223b6e616d617c733a31303a2253757065722055736572223b6c6576656c7c733a313a2231223b69735f6c6f67696e7c623a313b5f5f63695f766172737c613a313a7b733a373a2273756363657373223b733a333a226f6c64223b7d),
('bvph2nn432bmmb1lm1o6cov260hg27np', '::1', 1634535956, 0x5f5f63695f6c6173745f726567656e65726174657c693a313633343533353935363b757365726e616d657c733a353a227375706572223b69647c733a313a2231223b6e616d617c733a31303a2253757065722055736572223b6c6576656c7c733a313a2231223b69735f6c6f67696e7c623a313b5f5f63695f766172737c613a313a7b733a373a2273756363657373223b733a333a226f6c64223b7d),
('c1q26jnff757m59u53010n45lksm1tmb', '::1', 1634544733, 0x5f5f63695f6c6173745f726567656e65726174657c693a313633343534343733333b757365726e616d657c733a373a2273756e61727469223b69647c733a323a223431223b6e616d617c733a373a2253756e61727469223b6c6576656c7c733a323a223139223b69735f6c6f67696e7c623a313b5f5f63695f766172737c613a313a7b733a373a2273756363657373223b733a333a226f6c64223b7d),
('cbeck0vnks0h3134rt4hf32ookngqcrj', '::1', 1634535337, 0x5f5f63695f6c6173745f726567656e65726174657c693a313633343533353333373b757365726e616d657c733a353a227375706572223b69647c733a313a2231223b6e616d617c733a31303a2253757065722055736572223b6c6576656c7c733a313a2231223b69735f6c6f67696e7c623a313b5f5f63695f766172737c613a313a7b733a373a2273756363657373223b733a333a226f6c64223b7d),
('cf1ss5rlv4n80sf9kvsll7mqipoj9n5k', '::1', 1634531669, 0x5f5f63695f6c6173745f726567656e65726174657c693a313633343533313636393b757365726e616d657c733a353a227375706572223b69647c733a313a2231223b6e616d617c733a31303a2253757065722055736572223b6c6576656c7c733a313a2231223b69735f6c6f67696e7c623a313b5f5f63695f766172737c613a313a7b733a373a2273756363657373223b733a333a226f6c64223b7d),
('cfhg7h4pq0ofc0c6odkvuneo52e6akih', '::1', 1634537054, 0x5f5f63695f6c6173745f726567656e65726174657c693a313633343533373035343b757365726e616d657c733a353a227375706572223b69647c733a313a2231223b6e616d617c733a31303a2253757065722055736572223b6c6576656c7c733a313a2231223b69735f6c6f67696e7c623a313b5f5f63695f766172737c613a313a7b733a373a2273756363657373223b733a333a226f6c64223b7d),
('cnqr307qsliprimn6o06v5a49snlv0a0', '::1', 1634570471, 0x5f5f63695f6c6173745f726567656e65726174657c693a313633343537303437313b757365726e616d657c733a353a227375706572223b69647c733a313a2231223b6e616d617c733a31303a2253757065722055736572223b6c6576656c7c733a313a2231223b69735f6c6f67696e7c623a313b5f5f63695f766172737c613a313a7b733a373a2273756363657373223b733a333a226f6c64223b7d),
('co3h7oqc3vg9u57bopu4fr3i1ih72hef', '::1', 1634568131, 0x5f5f63695f6c6173745f726567656e65726174657c693a313633343536383133313b757365726e616d657c733a353a227375706572223b69647c733a313a2231223b6e616d617c733a31303a2253757065722055736572223b6c6576656c7c733a313a2231223b69735f6c6f67696e7c623a313b5f5f63695f766172737c613a313a7b733a373a2273756363657373223b733a333a226f6c64223b7d),
('eeutjlm93668h7309iji5c9vtdsht79j', '::1', 1634568781, 0x5f5f63695f6c6173745f726567656e65726174657c693a313633343536383738313b757365726e616d657c733a353a227375706572223b69647c733a313a2231223b6e616d617c733a31303a2253757065722055736572223b6c6576656c7c733a313a2231223b69735f6c6f67696e7c623a313b5f5f63695f766172737c613a313a7b733a373a2273756363657373223b733a333a226f6c64223b7d),
('ejego6fgjc1he5dultcrdf864cmrppnm', '::1', 1641554586, 0x5f5f63695f6c6173745f726567656e65726174657c693a313634313535343239313b757365726e616d657c733a353a227375706572223b69647c733a313a2231223b6e616d617c733a31303a2253757065722055736572223b6c6576656c7c733a313a2231223b69735f6c6f67696e7c623a313b),
('emodda2n0khg65u6k0cctn6acisl49ua', '::1', 1634550401, 0x5f5f63695f6c6173745f726567656e65726174657c693a313633343535303430313b757365726e616d657c733a373a2273756e61727469223b69647c733a323a223431223b6e616d617c733a373a2253756e61727469223b6c6576656c7c733a323a223139223b69735f6c6f67696e7c623a313b5f5f63695f766172737c613a313a7b733a373a2273756363657373223b733a333a226f6c64223b7d),
('eqnhvfknbt7svq31ivsgk6d9lkigs0q4', '::1', 1641554696, 0x5f5f63695f6c6173745f726567656e65726174657c693a313634313535343630333b757365726e616d657c733a353a227375706572223b69647c733a313a2231223b6e616d617c733a31303a2253757065722055736572223b6c6576656c7c733a313a2231223b69735f6c6f67696e7c623a313b),
('f6p0jqm31inag5sj04p3f5j6ishumgj5', '::1', 1634540257, 0x5f5f63695f6c6173745f726567656e65726174657c693a313633343534303235373b757365726e616d657c733a353a227375706572223b69647c733a313a2231223b6e616d617c733a31303a2253757065722055736572223b6c6576656c7c733a313a2231223b69735f6c6f67696e7c623a313b5f5f63695f766172737c613a313a7b733a373a2273756363657373223b733a333a226f6c64223b7d),
('fvnujqrbj0gssj3gjk9hdqfojeh4ov2p', '::1', 1634570520, 0x5f5f63695f6c6173745f726567656e65726174657c693a313633343537303437313b757365726e616d657c733a353a227375706572223b69647c733a313a2231223b6e616d617c733a31303a2253757065722055736572223b6c6576656c7c733a313a2231223b69735f6c6f67696e7c623a313b5f5f63695f766172737c613a313a7b733a373a2273756363657373223b733a333a226f6c64223b7d),
('gd0m7pfjln7mpk9bkjtkp6guc4abfsah', '::1', 1641548662, 0x5f5f63695f6c6173745f726567656e65726174657c693a313634313534383636323b757365726e616d657c733a353a227375706572223b69647c733a313a2231223b6e616d617c733a31303a2253757065722055736572223b6c6576656c7c733a313a2231223b69735f6c6f67696e7c623a313b),
('gioih5eed43ti812jk6veq9edr3dci3m', '::1', 1634539952, 0x5f5f63695f6c6173745f726567656e65726174657c693a313633343533393935323b757365726e616d657c733a353a227375706572223b69647c733a313a2231223b6e616d617c733a31303a2253757065722055736572223b6c6576656c7c733a313a2231223b69735f6c6f67696e7c623a313b5f5f63695f766172737c613a313a7b733a373a2273756363657373223b733a333a226f6c64223b7d),
('h95b14mhb949u72koj3qdps5frr8m5dj', '::1', 1634567813, 0x5f5f63695f6c6173745f726567656e65726174657c693a313633343536373831333b757365726e616d657c733a353a227375706572223b69647c733a313a2231223b6e616d617c733a31303a2253757065722055736572223b6c6576656c7c733a313a2231223b69735f6c6f67696e7c623a313b5f5f63695f766172737c613a313a7b733a373a2273756363657373223b733a333a226f6c64223b7d),
('hi07es0vo8601kd7u8uicdqddbo97tfg', '::1', 1634537407, 0x5f5f63695f6c6173745f726567656e65726174657c693a313633343533373430373b757365726e616d657c733a353a227375706572223b69647c733a313a2231223b6e616d617c733a31303a2253757065722055736572223b6c6576656c7c733a313a2231223b69735f6c6f67696e7c623a313b5f5f63695f766172737c613a313a7b733a373a2273756363657373223b733a333a226f6c64223b7d),
('hilghovt6a629n8rsiqpla7ob9t9dc7t', '::1', 1634532874, 0x5f5f63695f6c6173745f726567656e65726174657c693a313633343533323837343b757365726e616d657c733a353a227375706572223b69647c733a313a2231223b6e616d617c733a31303a2253757065722055736572223b6c6576656c7c733a313a2231223b69735f6c6f67696e7c623a313b5f5f63695f766172737c613a313a7b733a373a2273756363657373223b733a333a226f6c64223b7d),
('hj59eu5chnvjqcel3t5jdlsnaj9tr8en', '::1', 1641553953, 0x5f5f63695f6c6173745f726567656e65726174657c693a313634313535333636393b757365726e616d657c733a353a227375706572223b69647c733a313a2231223b6e616d617c733a31303a2253757065722055736572223b6c6576656c7c733a313a2231223b69735f6c6f67696e7c623a313b),
('hjhmki5hi16ljm8egmhav72u1qf3hcp6', '::1', 1634538600, 0x5f5f63695f6c6173745f726567656e65726174657c693a313633343533383630303b757365726e616d657c733a353a227375706572223b69647c733a313a2231223b6e616d617c733a31303a2253757065722055736572223b6c6576656c7c733a313a2231223b69735f6c6f67696e7c623a313b5f5f63695f766172737c613a313a7b733a373a2273756363657373223b733a333a226f6c64223b7d),
('hleq95cqlt7jcoual5sbl2o6h05trv7q', '::1', 1634550710, 0x5f5f63695f6c6173745f726567656e65726174657c693a313633343535303731303b757365726e616d657c733a373a2273756e61727469223b69647c733a323a223431223b6e616d617c733a373a2253756e61727469223b6c6576656c7c733a323a223139223b69735f6c6f67696e7c623a313b5f5f63695f766172737c613a313a7b733a373a2273756363657373223b733a333a226f6c64223b7d),
('htu12pggqq5kr0u34v8bahr5rtbs4qld', '::1', 1641549892, 0x5f5f63695f6c6173745f726567656e65726174657c693a313634313534393839323b757365726e616d657c733a353a227375706572223b69647c733a313a2231223b6e616d617c733a31303a2253757065722055736572223b6c6576656c7c733a313a2231223b69735f6c6f67696e7c623a313b),
('ien92smni09hot5pkdfetbkqu620nkt6', '::1', 1634539584, 0x5f5f63695f6c6173745f726567656e65726174657c693a313633343533393538343b757365726e616d657c733a353a227375706572223b69647c733a313a2231223b6e616d617c733a31303a2253757065722055736572223b6c6576656c7c733a313a2231223b69735f6c6f67696e7c623a313b5f5f63695f766172737c613a313a7b733a373a2273756363657373223b733a333a226f6c64223b7d),
('iipis24rlt24kn8qr81h5c8mgfer9qo3', '::1', 1634555126, 0x5f5f63695f6c6173745f726567656e65726174657c693a313633343535353132363b757365726e616d657c733a373a2273756e61727469223b69647c733a323a223431223b6e616d617c733a373a2253756e61727469223b6c6576656c7c733a323a223139223b69735f6c6f67696e7c623a313b5f5f63695f766172737c613a313a7b733a373a2273756363657373223b733a333a226f6c64223b7d),
('ij8eppl0maipivusoadc8us4lm0m7gfs', '::1', 1634544050, 0x5f5f63695f6c6173745f726567656e65726174657c693a313633343534343035303b757365726e616d657c733a353a227375706572223b69647c733a313a2231223b6e616d617c733a31303a2253757065722055736572223b6c6576656c7c733a313a2231223b69735f6c6f67696e7c623a313b5f5f63695f766172737c613a313a7b733a373a2273756363657373223b733a333a226f6c64223b7d),
('j3dk9m0f3f436r0un574nmvkd0t9li1s', '::1', 1634530605, 0x5f5f63695f6c6173745f726567656e65726174657c693a313633343533303630353b757365726e616d657c733a353a227375706572223b69647c733a313a2231223b6e616d617c733a31303a2253757065722055736572223b6c6576656c7c733a313a2231223b69735f6c6f67696e7c623a313b5f5f63695f766172737c613a313a7b733a373a2273756363657373223b733a333a226f6c64223b7d),
('je51n41fkdk4va0gmtb006irqj8clp4v', '::1', 1634529772, 0x5f5f63695f6c6173745f726567656e65726174657c693a313633343532393737323b757365726e616d657c733a353a227375706572223b69647c733a313a2231223b6e616d617c733a31303a2253757065722055736572223b6c6576656c7c733a313a2231223b69735f6c6f67696e7c623a313b5f5f63695f766172737c613a313a7b733a373a2273756363657373223b733a333a226f6c64223b7d),
('jh293rc3v4iguvjm0n8dfvulrio5kopa', '::1', 1634569482, 0x5f5f63695f6c6173745f726567656e65726174657c693a313633343536393438323b757365726e616d657c733a353a227375706572223b69647c733a313a2231223b6e616d617c733a31303a2253757065722055736572223b6c6576656c7c733a313a2231223b69735f6c6f67696e7c623a313b5f5f63695f766172737c613a313a7b733a373a2273756363657373223b733a333a226f6c64223b7d),
('jo3k4sscq6i3l1t7d7enkca7cl45s9g4', '::1', 1634565731, 0x5f5f63695f6c6173745f726567656e65726174657c693a313633343536353733313b757365726e616d657c733a353a227375706572223b69647c733a313a2231223b6e616d617c733a31303a2253757065722055736572223b6c6576656c7c733a313a2231223b69735f6c6f67696e7c623a313b5f5f63695f766172737c613a313a7b733a373a2273756363657373223b733a333a226f6c64223b7d),
('jpqd2vkmnpu59qvdl0mta45kus8d4ahd', '::1', 1634538912, 0x5f5f63695f6c6173745f726567656e65726174657c693a313633343533383931323b757365726e616d657c733a353a227375706572223b69647c733a313a2231223b6e616d617c733a31303a2253757065722055736572223b6c6576656c7c733a313a2231223b69735f6c6f67696e7c623a313b5f5f63695f766172737c613a313a7b733a373a2273756363657373223b733a333a226f6c64223b7d),
('kb0v3lkbohbu6r8n9dam9041af1e291e', '::1', 1641548327, 0x5f5f63695f6c6173745f726567656e65726174657c693a313634313534383332373b757365726e616d657c733a353a227375706572223b69647c733a313a2231223b6e616d617c733a31303a2253757065722055736572223b6c6576656c7c733a313a2231223b69735f6c6f67696e7c623a313b),
('kl09rkj0bsi5tfhomen3eaj2rukpqs6v', '::1', 1634555170, 0x5f5f63695f6c6173745f726567656e65726174657c693a313633343535353132363b757365726e616d657c733a373a2273756e61727469223b69647c733a323a223431223b6e616d617c733a373a2253756e61727469223b6c6576656c7c733a323a223139223b69735f6c6f67696e7c623a313b5f5f63695f766172737c613a313a7b733a373a2273756363657373223b733a333a226f6c64223b7d),
('l8713e404p8h6kp6jq9vfgovjf0m4dvb', '::1', 1641552963, 0x5f5f63695f6c6173745f726567656e65726174657c693a313634313535323731373b757365726e616d657c733a353a227375706572223b69647c733a313a2231223b6e616d617c733a31303a2253757065722055736572223b6c6576656c7c733a313a2231223b69735f6c6f67696e7c623a313b),
('l936fuft7nmahv1m0a0sb2ga5bk2pofr', '::1', 1634566916, 0x5f5f63695f6c6173745f726567656e65726174657c693a313633343536363931363b757365726e616d657c733a353a227375706572223b69647c733a313a2231223b6e616d617c733a31303a2253757065722055736572223b6c6576656c7c733a313a2231223b69735f6c6f67696e7c623a313b5f5f63695f766172737c613a313a7b733a373a2273756363657373223b733a333a226f6c64223b7d),
('l9hpa7j6mjqbheqqd22fr1u1jfos9mdq', '::1', 1634543630, 0x5f5f63695f6c6173745f726567656e65726174657c693a313633343534333633303b757365726e616d657c733a353a227375706572223b69647c733a313a2231223b6e616d617c733a31303a2253757065722055736572223b6c6576656c7c733a313a2231223b69735f6c6f67696e7c623a313b5f5f63695f766172737c613a313a7b733a373a2273756363657373223b733a333a226f6c64223b7d),
('lmo91rahubd3a82cd4dju188r33vnvl6', '::1', 1634547997, 0x5f5f63695f6c6173745f726567656e65726174657c693a313633343534373939373b757365726e616d657c733a373a2273756e61727469223b69647c733a323a223431223b6e616d617c733a373a2253756e61727469223b6c6576656c7c733a323a223139223b69735f6c6f67696e7c623a313b5f5f63695f766172737c613a313a7b733a373a2273756363657373223b733a333a226f6c64223b7d),
('ncgre226m2l0rpc09ce782gjscv6md7i', '::1', 1634546856, 0x5f5f63695f6c6173745f726567656e65726174657c693a313633343534363835363b757365726e616d657c733a373a2273756e61727469223b69647c733a323a223431223b6e616d617c733a373a2253756e61727469223b6c6576656c7c733a323a223139223b69735f6c6f67696e7c623a313b5f5f63695f766172737c613a313a7b733a373a2273756363657373223b733a333a226f6c64223b7d),
('nn42tjooe4igjh52ahei4sgv6t8sagjc', '::1', 1634553402, 0x5f5f63695f6c6173745f726567656e65726174657c693a313633343535333430323b757365726e616d657c733a373a2273756e61727469223b69647c733a323a223431223b6e616d617c733a373a2253756e61727469223b6c6576656c7c733a323a223139223b69735f6c6f67696e7c623a313b5f5f63695f766172737c613a313a7b733a373a2273756363657373223b733a333a226f6c64223b7d),
('nq93alkvoojipi5f2noaltruat2m180j', '::1', 1634554084, 0x5f5f63695f6c6173745f726567656e65726174657c693a313633343535333937323b757365726e616d657c733a373a2273756e61727469223b69647c733a323a223431223b6e616d617c733a373a2253756e61727469223b6c6576656c7c733a323a223139223b69735f6c6f67696e7c623a313b5f5f63695f766172737c613a313a7b733a373a2273756363657373223b733a333a226f6c64223b7d),
('nsug89dtil6cs0m1dodvcqb8fk2t035g', '::1', 1641554273, 0x5f5f63695f6c6173745f726567656e65726174657c693a313634313535333937343b757365726e616d657c733a353a227375706572223b69647c733a313a2231223b6e616d617c733a31303a2253757065722055736572223b6c6576656c7c733a313a2231223b69735f6c6f67696e7c623a313b),
('oko5lnnn9kul6do8qc0gnkhif8n18ots', '::1', 1634551411, 0x5f5f63695f6c6173745f726567656e65726174657c693a313633343535313431313b757365726e616d657c733a373a2273756e61727469223b69647c733a323a223431223b6e616d617c733a373a2253756e61727469223b6c6576656c7c733a323a223139223b69735f6c6f67696e7c623a313b5f5f63695f766172737c613a313a7b733a373a2273756363657373223b733a333a226f6c64223b7d),
('pf8c69fc6cibfl8bkcg0mfo2sudt8ofo', '::1', 1641550083, 0x5f5f63695f6c6173745f726567656e65726174657c693a313634313534393839323b757365726e616d657c733a353a227375706572223b69647c733a313a2231223b6e616d617c733a31303a2253757065722055736572223b6c6576656c7c733a313a2231223b69735f6c6f67696e7c623a313b),
('q0fj48qhnj50caagd7cjr4hkasvfe3s6', '::1', 1634549069, 0x5f5f63695f6c6173745f726567656e65726174657c693a313633343534393036393b757365726e616d657c733a373a2273756e61727469223b69647c733a323a223431223b6e616d617c733a373a2253756e61727469223b6c6576656c7c733a323a223139223b69735f6c6f67696e7c623a313b5f5f63695f766172737c613a313a7b733a373a2273756363657373223b733a333a226f6c64223b7d),
('q6cl93kp5efqffse42t65fgo0qr5eq23', '::1', 1634547242, 0x5f5f63695f6c6173745f726567656e65726174657c693a313633343534373234323b757365726e616d657c733a373a2273756e61727469223b69647c733a323a223431223b6e616d617c733a373a2253756e61727469223b6c6576656c7c733a323a223139223b69735f6c6f67696e7c623a313b5f5f63695f766172737c613a313a7b733a373a2273756363657373223b733a333a226f6c64223b7d),
('r6uba9h1l1p82p94qdkq8f433pehnghc', '::1', 1634551081, 0x5f5f63695f6c6173745f726567656e65726174657c693a313633343535313038313b757365726e616d657c733a373a2273756e61727469223b69647c733a323a223431223b6e616d617c733a373a2253756e61727469223b6c6576656c7c733a323a223139223b69735f6c6f67696e7c623a313b5f5f63695f766172737c613a313a7b733a373a2273756363657373223b733a333a226f6c64223b7d),
('ransgg23ienvf24jnog04tp4ahblpgmp', '::1', 1634546399, 0x5f5f63695f6c6173745f726567656e65726174657c693a313633343534363339393b757365726e616d657c733a373a2273756e61727469223b69647c733a323a223431223b6e616d617c733a373a2253756e61727469223b6c6576656c7c733a323a223139223b69735f6c6f67696e7c623a313b5f5f63695f766172737c613a313a7b733a373a2273756363657373223b733a333a226f6c64223b7d),
('rddjjlnc97kln52bj4amsqnaogjumi62', '::1', 1634540579, 0x5f5f63695f6c6173745f726567656e65726174657c693a313633343534303537393b757365726e616d657c733a353a227375706572223b69647c733a313a2231223b6e616d617c733a31303a2253757065722055736572223b6c6576656c7c733a313a2231223b69735f6c6f67696e7c623a313b5f5f63695f766172737c613a313a7b733a373a2273756363657373223b733a333a226f6c64223b7d),
('rh63sgopbjpiag8qf7esvp0bmhb8rfuj', '::1', 1634549776, 0x5f5f63695f6c6173745f726567656e65726174657c693a313633343534393737363b757365726e616d657c733a373a2273756e61727469223b69647c733a323a223431223b6e616d617c733a373a2253756e61727469223b6c6576656c7c733a323a223139223b69735f6c6f67696e7c623a313b5f5f63695f766172737c613a313a7b733a373a2273756363657373223b733a333a226f6c64223b7d),
('rmo96b0o631vefb3b6cf1juruj86qr80', '::1', 1634537738, 0x5f5f63695f6c6173745f726567656e65726174657c693a313633343533373733383b757365726e616d657c733a353a227375706572223b69647c733a313a2231223b6e616d617c733a31303a2253757065722055736572223b6c6576656c7c733a313a2231223b69735f6c6f67696e7c623a313b5f5f63695f766172737c613a313a7b733a373a2273756363657373223b733a333a226f6c64223b7d),
('s7dv2o99305skmf43adsccob58qhkocs', '::1', 1641550953, 0x5f5f63695f6c6173745f726567656e65726174657c693a313634313535303935333b757365726e616d657c733a353a227375706572223b69647c733a313a2231223b6e616d617c733a31303a2253757065722055736572223b6c6576656c7c733a313a2231223b69735f6c6f67696e7c623a313b),
('stgilin5fufera0r0dgp72a9639nn3ss', '::1', 1641548935, 0x5f5f63695f6c6173745f726567656e65726174657c693a313634313534383636323b757365726e616d657c733a353a227375706572223b69647c733a313a2231223b6e616d617c733a31303a2253757065722055736572223b6c6576656c7c733a313a2231223b69735f6c6f67696e7c623a313b),
('t2g3qeseu0e411kfcj55pvj6optvcfgt', '::1', 1634545065, 0x5f5f63695f6c6173745f726567656e65726174657c693a313633343534353036353b757365726e616d657c733a373a2273756e61727469223b69647c733a323a223431223b6e616d617c733a373a2253756e61727469223b6c6576656c7c733a323a223139223b69735f6c6f67696e7c623a313b5f5f63695f766172737c613a313a7b733a373a2273756363657373223b733a333a226f6c64223b7d),
('t58eedhf2bpol5rnvfp8fnk5blda6bcp', '::1', 1634569792, 0x5f5f63695f6c6173745f726567656e65726174657c693a313633343536393739323b757365726e616d657c733a353a227375706572223b69647c733a313a2231223b6e616d617c733a31303a2253757065722055736572223b6c6576656c7c733a313a2231223b69735f6c6f67696e7c623a313b5f5f63695f766172737c613a313a7b733a373a2273756363657373223b733a333a226f6c64223b7d),
('tjuaga2gtjl4ag8563fj26jfi7jraor3', '::1', 1641552167, 0x5f5f63695f6c6173745f726567656e65726174657c693a313634313535313838323b757365726e616d657c733a353a227375706572223b69647c733a313a2231223b6e616d617c733a31303a2253757065722055736572223b6c6576656c7c733a313a2231223b69735f6c6f67696e7c623a313b),
('tva6c12c00me818kninqftf707uhdnfq', '::1', 1634530215, 0x5f5f63695f6c6173745f726567656e65726174657c693a313633343533303231353b757365726e616d657c733a353a227375706572223b69647c733a313a2231223b6e616d617c733a31303a2253757065722055736572223b6c6576656c7c733a313a2231223b69735f6c6f67696e7c623a313b5f5f63695f766172737c613a313a7b733a373a2273756363657373223b733a333a226f6c64223b7d),
('u3vdslhvepuan57snud6u21sg1873jf0', '::1', 1634536741, 0x5f5f63695f6c6173745f726567656e65726174657c693a313633343533363734313b757365726e616d657c733a353a227375706572223b69647c733a313a2231223b6e616d617c733a31303a2253757065722055736572223b6c6576656c7c733a313a2231223b69735f6c6f67696e7c623a313b5f5f63695f766172737c613a313a7b733a373a2273756363657373223b733a333a226f6c64223b7d),
('uhqf81334redqggdumbu7a5b9h6fp5b1', '::1', 1634540912, 0x5f5f63695f6c6173745f726567656e65726174657c693a313633343534303931323b757365726e616d657c733a353a227375706572223b69647c733a313a2231223b6e616d617c733a31303a2253757065722055736572223b6c6576656c7c733a313a2231223b69735f6c6f67696e7c623a313b5f5f63695f766172737c613a313a7b733a373a2273756363657373223b733a333a226f6c64223b7d),
('uj31nd7ae5e1tf43v1950v5a5el870s8', '::1', 1634569105, 0x5f5f63695f6c6173745f726567656e65726174657c693a313633343536393130353b757365726e616d657c733a353a227375706572223b69647c733a313a2231223b6e616d617c733a31303a2253757065722055736572223b6c6576656c7c733a313a2231223b69735f6c6f67696e7c623a313b5f5f63695f766172737c613a313a7b733a373a2273756363657373223b733a333a226f6c64223b7d),
('v46j0f380obbr7a5cub08lr7c220f2va', '::1', 1634533903, 0x5f5f63695f6c6173745f726567656e65726174657c693a313633343533333930333b757365726e616d657c733a353a227375706572223b69647c733a313a2231223b6e616d617c733a31303a2253757065722055736572223b6c6576656c7c733a313a2231223b69735f6c6f67696e7c623a313b5f5f63695f766172737c613a313a7b733a373a2273756363657373223b733a333a226f6c64223b7d),
('vp5bp4s0vp00t3vjnu60g8f2pgbrciiv', '::1', 1634563865, 0x5f5f63695f6c6173745f726567656e65726174657c693a313633343536333836353b757365726e616d657c733a353a227375706572223b69647c733a313a2231223b6e616d617c733a31303a2253757065722055736572223b6c6576656c7c733a313a2231223b69735f6c6f67696e7c623a313b5f5f63695f766172737c613a313a7b733a373a2273756363657373223b733a333a226f6c64223b7d),
('vq64i31k0j9vmkloksaltlp7nb9cfu7l', '::1', 1634539258, 0x5f5f63695f6c6173745f726567656e65726174657c693a313633343533393235383b757365726e616d657c733a353a227375706572223b69647c733a313a2231223b6e616d617c733a31303a2253757065722055736572223b6c6576656c7c733a313a2231223b69735f6c6f67696e7c623a313b5f5f63695f766172737c613a313a7b733a373a2273756363657373223b733a333a226f6c64223b7d),
('vvs0regjdkilas96lpbhcdrv17o4bk35', '::1', 1634543239, 0x5f5f63695f6c6173745f726567656e65726174657c693a313633343534333233393b757365726e616d657c733a353a227375706572223b69647c733a313a2231223b6e616d617c733a31303a2253757065722055736572223b6c6576656c7c733a313a2231223b69735f6c6f67696e7c623a313b5f5f63695f766172737c613a313a7b733a373a2273756363657373223b733a333a226f6c64223b7d);

-- --------------------------------------------------------

--
-- Struktur dari tabel `t_absen`
--

CREATE TABLE `t_absen` (
  `t_absen_id` int(1) UNSIGNED NOT NULL,
  `t_absen_masuk` time NOT NULL,
  `t_absen_pulang` time NOT NULL,
  `t_absen_ket` varchar(50) NOT NULL,
  `t_absen_tgl` varchar(128) NOT NULL,
  `t_absen_kry_nip` int(1) UNSIGNED NOT NULL,
  `t_absen_shift` varchar(50) NOT NULL,
  `date_absen` timestamp NOT NULL DEFAULT current_timestamp() ON UPDATE current_timestamp()
) ENGINE=InnoDB DEFAULT CHARSET=utf8mb4;

--
-- Dumping data untuk tabel `t_absen`
--

INSERT INTO `t_absen` (`t_absen_id`, `t_absen_masuk`, `t_absen_pulang`, `t_absen_ket`, `t_absen_tgl`, `t_absen_kry_nip`, `t_absen_shift`, `date_absen`) VALUES
(1, '08:00:08', '17:00:17', 'masuk', '', 1, '1', '2021-07-31 01:18:10');

-- --------------------------------------------------------

--
-- Struktur dari tabel `t_generate_bc`
--

CREATE TABLE `t_generate_bc` (
  `t_bc_id` int(1) NOT NULL,
  `t_bc_kode` varchar(128) NOT NULL,
  `t_bc_img` varchar(256) NOT NULL,
  `t_bc_master` int(1) NOT NULL,
  `user_id` int(1) UNSIGNED NOT NULL,
  `date_created` timestamp NOT NULL DEFAULT current_timestamp() ON UPDATE current_timestamp()
) ENGINE=InnoDB DEFAULT CHARSET=utf8mb4;

--
-- Dumping data untuk tabel `t_generate_bc`
--

INSERT INTO `t_generate_bc` (`t_bc_id`, `t_bc_kode`, `t_bc_img`, `t_bc_master`, `user_id`, `date_created`) VALUES
(26, 'ASG500 21-42-000001', 'ASG500 21-42-000001.png', 8, 1, '2021-10-18 07:27:28'),
(27, 'ASG500 21-42-000002', 'ASG500 21-42-000002.png', 8, 1, '2021-10-18 07:27:28'),
(28, 'ASG500 21-42-000003', 'ASG500 21-42-000003.png', 8, 41, '2021-10-18 09:50:33'),
(29, 'ASG500 21-42-000004', 'ASG500 21-42-000004.png', 8, 41, '2021-10-18 09:50:33'),
(30, 'ASG500 21-42-000005', 'ASG500 21-42-000005.png', 8, 41, '2021-10-18 09:50:33'),
(31, 'ASG500 21-42-000006', 'ASG500 21-42-000006.png', 8, 41, '2021-10-18 09:50:33'),
(32, 'ASG500 21-42-000007', 'ASG500 21-42-000007.png', 8, 41, '2021-10-18 09:50:33'),
(33, 'ASG500 21-42-000008', 'ASG500 21-42-000008.png', 8, 41, '2021-10-18 10:04:53'),
(34, 'ASG500 21-42-000009', 'ASG500 21-42-000009.png', 8, 41, '2021-10-18 10:04:53'),
(35, 'ASG500 21-42-000010', 'ASG500 21-42-000010.png', 8, 41, '2021-10-18 10:04:53'),
(36, 'ASG500 21-42-000011', 'ASG500 21-42-000011.png', 8, 41, '2021-10-18 10:04:53'),
(37, 'ASG500 21-42-000012', 'ASG500 21-42-000012.png', 8, 41, '2021-10-18 10:04:53'),
(38, 'ASG500 21-42-000013', 'ASG500 21-42-000013.png', 8, 41, '2021-10-18 10:04:53'),
(39, 'ASG500 21-42-000014', 'ASG500 21-42-000014.png', 8, 41, '2021-10-18 10:04:53'),
(40, 'ASG500 21-42-000015', 'ASG500 21-42-000015.png', 8, 41, '2021-10-18 10:04:53'),
(41, 'ASG500 21-42-000016', 'ASG500 21-42-000016.png', 8, 41, '2021-10-18 10:04:53'),
(42, 'ASG500 21-42-000017', 'ASG500 21-42-000017.png', 8, 41, '2021-10-18 10:04:53'),
(43, 'ASG500 21-42-000018', 'ASG500 21-42-000018.png', 8, 41, '2021-10-18 10:04:53'),
(44, 'ASG500 21-42-000019', 'ASG500 21-42-000019.png', 8, 41, '2021-10-18 10:04:53'),
(45, 'ASG500 21-42-000020', 'ASG500 21-42-000020.png', 8, 41, '2021-10-18 10:04:53'),
(46, 'ASG500 21-42-000021', 'ASG500 21-42-000021.png', 8, 41, '2021-10-18 10:04:53'),
(47, 'ASG500 21-42-000022', 'ASG500 21-42-000022.png', 8, 41, '2021-10-18 10:04:53'),
(48, 'ASG500 21-42-000023', 'ASG500 21-42-000023.png', 8, 41, '2021-10-18 10:04:53'),
(49, 'ASG500 21-42-000024', 'ASG500 21-42-000024.png', 8, 41, '2021-10-18 10:04:53'),
(50, 'ASG500 21-42-000025', 'ASG500 21-42-000025.png', 8, 41, '2021-10-18 10:04:53'),
(51, 'ASG500 21-42-000026', 'ASG500 21-42-000026.png', 8, 41, '2021-10-18 10:04:53'),
(52, 'ASG500 21-42-000027', 'ASG500 21-42-000027.png', 8, 41, '2021-10-18 10:04:53'),
(53, 'ASG500 21-42-000028', 'ASG500 21-42-000028.png', 8, 41, '2021-10-18 10:04:53'),
(54, 'ASG500 21-42-000029', 'ASG500 21-42-000029.png', 8, 41, '2021-10-18 10:04:53'),
(55, 'ASG500 21-42-000030', 'ASG500 21-42-000030.png', 8, 41, '2021-10-18 10:04:53'),
(56, 'ASG500 21-42-000031', 'ASG500 21-42-000031.png', 8, 41, '2021-10-18 10:04:53'),
(57, 'ASG500 21-42-000032', 'ASG500 21-42-000032.png', 8, 41, '2021-10-18 10:04:53'),
(58, 'ASG500 21-42-000033', 'ASG500 21-42-000033.png', 8, 41, '2021-10-18 10:04:53'),
(59, 'ASG500 21-42-000034', 'ASG500 21-42-000034.png', 8, 41, '2021-10-18 10:04:53'),
(60, 'ASG500 21-42-000035', 'ASG500 21-42-000035.png', 8, 41, '2021-10-18 10:04:53'),
(61, 'ASG500 21-42-000036', 'ASG500 21-42-000036.png', 8, 41, '2021-10-18 10:04:53'),
(62, 'ASG500 21-42-000037', 'ASG500 21-42-000037.png', 8, 41, '2021-10-18 10:04:53'),
(63, 'ASG500 21-42-000038', 'ASG500 21-42-000038.png', 8, 41, '2021-10-18 10:04:53'),
(64, 'ASG500 21-42-000039', 'ASG500 21-42-000039.png', 8, 41, '2021-10-18 10:04:53'),
(65, 'ASG500 21-42-000040', 'ASG500 21-42-000040.png', 8, 41, '2021-10-18 10:04:53'),
(66, 'ASG500 21-42-000041', 'ASG500 21-42-000041.png', 8, 41, '2021-10-18 10:04:53'),
(67, 'ASG500 21-42-000042', 'ASG500 21-42-000042.png', 8, 41, '2021-10-18 10:04:53'),
(68, 'ASG500 21-42-000043', 'ASG500 21-42-000043.png', 8, 41, '2021-10-18 10:04:53'),
(69, 'ASG500 21-42-000044', 'ASG500 21-42-000044.png', 8, 41, '2021-10-18 10:04:53'),
(70, 'ASG500 21-42-000045', 'ASG500 21-42-000045.png', 8, 41, '2021-10-18 10:04:53'),
(71, 'ASG500 21-42-000046', 'ASG500 21-42-000046.png', 8, 41, '2021-10-18 10:04:53'),
(72, 'ASG500 21-42-000047', 'ASG500 21-42-000047.png', 8, 41, '2021-10-18 10:04:53'),
(73, 'ASG500 21-42-000048', 'ASG500 21-42-000048.png', 8, 41, '2021-10-18 10:04:53'),
(74, 'ASG500 21-42-000049', 'ASG500 21-42-000049.png', 8, 41, '2021-10-18 10:04:53'),
(75, 'ASG500 21-42-000050', 'ASG500 21-42-000050.png', 8, 41, '2021-10-18 10:04:53'),
(76, 'ASG500 21-42-000051', 'ASG500 21-42-000051.png', 8, 41, '2021-10-18 10:04:53'),
(77, 'ASG500 21-42-000052', 'ASG500 21-42-000052.png', 8, 41, '2021-10-18 10:04:53'),
(78, 'ASG500 21-42-000053', 'ASG500 21-42-000053.png', 8, 41, '2021-10-18 10:04:53'),
(79, 'ASG500 21-42-000054', 'ASG500 21-42-000054.png', 8, 41, '2021-10-18 10:04:53'),
(80, 'ASG500 21-42-000055', 'ASG500 21-42-000055.png', 8, 41, '2021-10-18 10:04:53'),
(81, 'ASG500 21-42-000056', 'ASG500 21-42-000056.png', 8, 41, '2021-10-18 10:04:53'),
(82, 'ASG500 21-42-000057', 'ASG500 21-42-000057.png', 8, 41, '2021-10-18 10:04:53'),
(94, 'http://www.myamin.co.id', 'myamin2022.png', 1, 1, '2022-01-07 10:33:03');

--
-- Indexes for dumped tables
--

--
-- Indeks untuk tabel `a_group`
--
ALTER TABLE `a_group`
  ADD PRIMARY KEY (`a_group_id`),
  ADD KEY `a_group_level` (`a_group_level`),
  ADD KEY `a_group_menu` (`a_group_menu`);

--
-- Indeks untuk tabel `a_level`
--
ALTER TABLE `a_level`
  ADD PRIMARY KEY (`a_level_id`),
  ADD UNIQUE KEY `a_level_name` (`a_level_name`);

--
-- Indeks untuk tabel `a_menu`
--
ALTER TABLE `a_menu`
  ADD PRIMARY KEY (`a_menu_id`);

--
-- Indeks untuk tabel `a_mn`
--
ALTER TABLE `a_mn`
  ADD PRIMARY KEY (`a_mn_id`);

--
-- Indeks untuk tabel `a_mn_grp`
--
ALTER TABLE `a_mn_grp`
  ADD PRIMARY KEY (`a_mn_grp_id`);

--
-- Indeks untuk tabel `a_user`
--
ALTER TABLE `a_user`
  ADD PRIMARY KEY (`a_user_id`),
  ADD UNIQUE KEY `username` (`a_user_username`),
  ADD KEY `a_user_level` (`a_user_level`);

--
-- Indeks untuk tabel `m_barcode`
--
ALTER TABLE `m_barcode`
  ADD PRIMARY KEY (`m_bc_id`);

--
-- Indeks untuk tabel `m_barcode_myamin`
--
ALTER TABLE `m_barcode_myamin`
  ADD PRIMARY KEY (`myamin_id`);

--
-- Indeks untuk tabel `m_departemen`
--
ALTER TABLE `m_departemen`
  ADD PRIMARY KEY (`m_dep_id`);

--
-- Indeks untuk tabel `m_jabatan`
--
ALTER TABLE `m_jabatan`
  ADD PRIMARY KEY (`m_jab_id`);

--
-- Indeks untuk tabel `m_karyawan`
--
ALTER TABLE `m_karyawan`
  ADD PRIMARY KEY (`m_karyawan_id`);

--
-- Indeks untuk tabel `m_shift`
--
ALTER TABLE `m_shift`
  ADD PRIMARY KEY (`shift_id`);

--
-- Indeks untuk tabel `s_ci_sessions`
--
ALTER TABLE `s_ci_sessions`
  ADD PRIMARY KEY (`id`),
  ADD KEY `ci_sessions_timestamp` (`timestamp`);

--
-- Indeks untuk tabel `t_absen`
--
ALTER TABLE `t_absen`
  ADD PRIMARY KEY (`t_absen_id`);

--
-- Indeks untuk tabel `t_generate_bc`
--
ALTER TABLE `t_generate_bc`
  ADD PRIMARY KEY (`t_bc_id`);

--
-- AUTO_INCREMENT untuk tabel yang dibuang
--

--
-- AUTO_INCREMENT untuk tabel `a_group`
--
ALTER TABLE `a_group`
  MODIFY `a_group_id` int(1) UNSIGNED NOT NULL AUTO_INCREMENT, AUTO_INCREMENT=292;

--
-- AUTO_INCREMENT untuk tabel `a_level`
--
ALTER TABLE `a_level`
  MODIFY `a_level_id` int(1) UNSIGNED NOT NULL AUTO_INCREMENT, AUTO_INCREMENT=20;

--
-- AUTO_INCREMENT untuk tabel `a_menu`
--
ALTER TABLE `a_menu`
  MODIFY `a_menu_id` int(1) UNSIGNED NOT NULL AUTO_INCREMENT, AUTO_INCREMENT=64;

--
-- AUTO_INCREMENT untuk tabel `a_mn`
--
ALTER TABLE `a_mn`
  MODIFY `a_mn_id` int(1) UNSIGNED NOT NULL AUTO_INCREMENT, AUTO_INCREMENT=32;

--
-- AUTO_INCREMENT untuk tabel `a_mn_grp`
--
ALTER TABLE `a_mn_grp`
  MODIFY `a_mn_grp_id` int(1) UNSIGNED NOT NULL AUTO_INCREMENT, AUTO_INCREMENT=222;

--
-- AUTO_INCREMENT untuk tabel `a_user`
--
ALTER TABLE `a_user`
  MODIFY `a_user_id` int(1) UNSIGNED NOT NULL AUTO_INCREMENT, AUTO_INCREMENT=42;

--
-- AUTO_INCREMENT untuk tabel `m_barcode`
--
ALTER TABLE `m_barcode`
  MODIFY `m_bc_id` int(1) NOT NULL AUTO_INCREMENT, AUTO_INCREMENT=10;

--
-- AUTO_INCREMENT untuk tabel `m_barcode_myamin`
--
ALTER TABLE `m_barcode_myamin`
  MODIFY `myamin_id` int(1) NOT NULL AUTO_INCREMENT, AUTO_INCREMENT=2;

--
-- AUTO_INCREMENT untuk tabel `m_departemen`
--
ALTER TABLE `m_departemen`
  MODIFY `m_dep_id` int(11) NOT NULL AUTO_INCREMENT, AUTO_INCREMENT=13;

--
-- AUTO_INCREMENT untuk tabel `m_jabatan`
--
ALTER TABLE `m_jabatan`
  MODIFY `m_jab_id` int(11) NOT NULL AUTO_INCREMENT, AUTO_INCREMENT=19;

--
-- AUTO_INCREMENT untuk tabel `m_karyawan`
--
ALTER TABLE `m_karyawan`
  MODIFY `m_karyawan_id` int(1) NOT NULL AUTO_INCREMENT, AUTO_INCREMENT=10;

--
-- AUTO_INCREMENT untuk tabel `m_shift`
--
ALTER TABLE `m_shift`
  MODIFY `shift_id` int(1) NOT NULL AUTO_INCREMENT, AUTO_INCREMENT=2;

--
-- AUTO_INCREMENT untuk tabel `t_absen`
--
ALTER TABLE `t_absen`
  MODIFY `t_absen_id` int(1) UNSIGNED NOT NULL AUTO_INCREMENT, AUTO_INCREMENT=2;

--
-- AUTO_INCREMENT untuk tabel `t_generate_bc`
--
ALTER TABLE `t_generate_bc`
  MODIFY `t_bc_id` int(1) NOT NULL AUTO_INCREMENT, AUTO_INCREMENT=95;

--
-- Ketidakleluasaan untuk tabel pelimpahan (Dumped Tables)
--

--
-- Ketidakleluasaan untuk tabel `a_group`
--
ALTER TABLE `a_group`
  ADD CONSTRAINT `a_group_ibfk_1` FOREIGN KEY (`a_group_menu`) REFERENCES `a_menu` (`a_menu_id`) ON DELETE CASCADE ON UPDATE CASCADE,
  ADD CONSTRAINT `a_group_ibfk_2` FOREIGN KEY (`a_group_level`) REFERENCES `a_level` (`a_level_id`) ON DELETE CASCADE ON UPDATE CASCADE;

--
-- Ketidakleluasaan untuk tabel `a_user`
--
ALTER TABLE `a_user`
  ADD CONSTRAINT `a_user_ibfk_1` FOREIGN KEY (`a_user_level`) REFERENCES `a_level` (`a_level_id`);
COMMIT;

/*!40101 SET CHARACTER_SET_CLIENT=@OLD_CHARACTER_SET_CLIENT */;
/*!40101 SET CHARACTER_SET_RESULTS=@OLD_CHARACTER_SET_RESULTS */;
/*!40101 SET COLLATION_CONNECTION=@OLD_COLLATION_CONNECTION */;
